,0,0,0,0,0,0,0,0,0,0,0,0,0,0,0,0,0,0,0,0,0,0,0,0,0,0,0,0,0,0,0,0,0,0,0,0,0,0,0,0,0,0,0,0,0,0,0,0,0,0,0,0,0,0,0,0,0,0,0,0,0,0,0,0,0,0,0,0,0,0,0,0,0,0,0,0,0,0,0,0,0,0,0,0,0,0,0,0,0,0,0,0,0,0,0,0,0,0,0,0
0.321467,0,0,0,0,0,0,0,0,0,0,0,0,0,0,0,0,0,0,0,0,0,0,0,0,0,0,0,0,0,0,0,0,0,0,0,0,0,0,0,0,0,0,0,0,0,0,0,0,0,0,0,0,0,0,0,0,0,0,0,0,0,0,0,0,0,0,0,0,0,0,0,0,0,0,0,0,0,0,0,0,0,0,0,0,0,0,0,0,0,0,0,0,0,0,0,0,0,0,0
,0.5266,0.309467,0,0,0,0,0,0,0,0,0,0,0,0,0,0,0,0,0,0,0,0,0,0,0,0,0,0,0,0,0,0,0,0,0,0,0,0,0,0,0,0,0,0,0,0,0,0,0,0,0,0,0,0,0,0,0,0,0,0,0,0,0,0,0,0,0,0,0,0,0,0,0,0,0,0,0,0,0,0,0,0,0,0,0,0,0,0,0,0,0,0,0,0,0,0,0,0,0,0
,0.2884,0.321133,0.289533,0,0,0,0,0,0,0,0,0,0,0,0,0,0,0,0,0,0,0,0,0,0,0,0,0,0,0,0,0,0,0,0,0,0,0,0,0,0,0,0,0,0,0,0,0,0,0,0,0,0,0,0,0,0,0,0,0,0,0,0,0,0,0,0,0,0,0,0,0,0,0,0,0,0,0,0,0,0,0,0,0,0,0,0,0,0,0,0,0,0,0,0,0,0,0,0,0
,0.4098,0.316467,0.4146,0.340667,0,0,0,0,0,0,0,0,0,0,0,0,0,0,0,0,0,0,0,0,0,0,0,0,0,0,0,0,0,0,0,0,0,0,0,0,0,0,0,0,0,0,0,0,0,0,0,0,0,0,0,0,0,0,0,0,0,0,0,0,0,0,0,0,0,0,0,0,0,0,0,0,0,0,0,0,0,0,0,0,0,0,0,0,0,0,0,0,0,0,0,0,0,0,0,0
0.511867,0.298267,0.518467,0.2986,0.4156,0,0,0,0,0,0,0,0,0,0,0,0,0,0,0,0,0,0,0,0,0,0,0,0,0,0,0,0,0,0,0,0,0,0,0,0,0,0,0,0,0,0,0,0,0,0,0,0,0,0,0,0,0,0,0,0,0,0,0,0,0,0,0,0,0,0,0,0,0,0,0,0,0,0,0,0,0,0,0,0,0,0,0,0,0,0,0,0,0,0,0,0,0,0,0
,0.2254,0.2814,0.228333,0.361267,0.2776,0.240533,0,0,0,0,0,0,0,0,0,0,0,0,0,0,0,0,0,0,0,0,0,0,0,0,0,0,0,0,0,0,0,0,0,0,0,0,0,0,0,0,0,0,0,0,0,0,0,0,0,0,0,0,0,0,0,0,0,0,0,0,0,0,0,0,0,0,0,0,0,0,0,0,0,0,0,0,0,0,0,0,0,0,0,0,0,0,0,0,0,0,0,0,0,0
0.270867,0.317067,0.274,0.376867,0.326933,0.2844,0.373467,0,0,0,0,0,0,0,0,0,0,0,0,0,0,0,0,0,0,0,0,0,0,0,0,0,0,0,0,0,0,0,0,0,0,0,0,0,0,0,0,0,0,0,0,0,0,0,0,0,0,0,0,0,0,0,0,0,0,0,0,0,0,0,0,0,0,0,0,0,0,0,0,0,0,0,0,0,0,0,0,0,0,0,0,0,0,0,0,0,0,0,0,0
,0.3786,0.502667,0.364733,0.318867,0.349,0.351,0.276,0.315933,0,0,0,0,0,0,0,0,0,0,0,0,0,0,0,0,0,0,0,0,0,0,0,0,0,0,0,0,0,0,0,0,0,0,0,0,0,0,0,0,0,0,0,0,0,0,0,0,0,0,0,0,0,0,0,0,0,0,0,0,0,0,0,0,0,0,0,0,0,0,0,0,0,0,0,0,0,0,0,0,0,0,0,0,0,0,0,0,0,0,0,0
0.206067,0.266067,0.200133,0.320067,0.251267,0.208533,0.383333,0.3334,0.255133,0,0,0,0,0,0,0,0,0,0,0,0,0,0,0,0,0,0,0,0,0,0,0,0,0,0,0,0,0,0,0,0,0,0,0,0,0,0,0,0,0,0,0,0,0,0,0,0,0,0,0,0,0,0,0,0,0,0,0,0,0,0,0,0,0,0,0,0,0,0,0,0,0,0,0,0,0,0,0,0,0,0,0,0,0,0,0,0,0,0,0
0.361933,0.53,0.345467,0.318867,0.340467,0.334533,0.276133,0.319133,0.5024,0.2616,0,0,0,0,0,0,0,0,0,0,0,0,0,0,0,0,0,0,0,0,0,0,0,0,0,0,0,0,0,0,0,0,0,0,0,0,0,0,0,0,0,0,0,0,0,0,0,0,0,0,0,0,0,0,0,0,0,0,0,0,0,0,0,0,0,0,0,0,0,0,0,0,0,0,0,0,0,0,0,0,0,0,0,0,0,0,0,0,0,0
,0.432,0.453,0.417933,0.316467,0.373933,0.3998,0.262667,0.308733,0.4746,0.2422,0.471533,0,0,0,0,0,0,0,0,0,0,0,0,0,0,0,0,0,0,0,0,0,0,0,0,0,0,0,0,0,0,0,0,0,0,0,0,0,0,0,0,0,0,0,0,0,0,0,0,0,0,0,0,0,0,0,0,0,0,0,0,0,0,0,0,0,0,0,0,0,0,0,0,0,0,0,0,0,0,0,0,0,0,0,0,0,0,0,0,0
,0.3438,0.549933,0.325933,0.323133,0.331267,0.312933,0.2816,0.314933,0.5044,0.261867,0.5278,0.463867,0,0,0,0,0,0,0,0,0,0,0,0,0,0,0,0,0,0,0,0,0,0,0,0,0,0,0,0,0,0,0,0,0,0,0,0,0,0,0,0,0,0,0,0,0,0,0,0,0,0,0,0,0,0,0,0,0,0,0,0,0,0,0,0,0,0,0,0,0,0,0,0,0,0,0,0,0,0,0,0,0,0,0,0,0,0,0,0
0.534333,0.304467,0.536733,0.289867,0.414467,0.516333,0.226333,0.276667,0.364733,0.2028,0.3488,0.417933,0.327533,0,0,0,0,0,0,0,0,0,0,0,0,0,0,0,0,0,0,0,0,0,0,0,0,0,0,0,0,0,0,0,0,0,0,0,0,0,0,0,0,0,0,0,0,0,0,0,0,0,0,0,0,0,0,0,0,0,0,0,0,0,0,0,0,0,0,0,0,0,0,0,0,0,0,0,0,0,0,0,0,0,0,0,0,0,0,0
,0.5344,0.311333,0.5372,0.292067,0.4138,0.519067,0.227467,0.270267,0.364933,0.204467,0.349133,0.423133,0.3316,0.536067,0,0,0,0,0,0,0,0,0,0,0,0,0,0,0,0,0,0,0,0,0,0,0,0,0,0,0,0,0,0,0,0,0,0,0,0,0,0,0,0,0,0,0,0,0,0,0,0,0,0,0,0,0,0,0,0,0,0,0,0,0,0,0,0,0,0,0,0,0,0,0,0,0,0,0,0,0,0,0,0,0,0,0,0,0,0
,0.2558,0.298933,0.262067,0.377333,0.315533,0.266067,0.376667,0.372533,0.300133,0.3484,0.3014,0.294267,0.298667,0.255067,0.2524,0,0,0,0,0,0,0,0,0,0,0,0,0,0,0,0,0,0,0,0,0,0,0,0,0,0,0,0,0,0,0,0,0,0,0,0,0,0,0,0,0,0,0,0,0,0,0,0,0,0,0,0,0,0,0,0,0,0,0,0,0,0,0,0,0,0,0,0,0,0,0,0,0,0,0,0,0,0,0,0,0,0,0,0,0
0.202867,0.267067,0.198667,0.313467,0.242667,0.207533,0.382933,0.3196,0.2506,0.4274,0.262533,0.241933,0.265267,0.202533,0.202467,0.3274,0,0,0,0,0,0,0,0,0,0,0,0,0,0,0,0,0,0,0,0,0,0,0,0,0,0,0,0,0,0,0,0,0,0,0,0,0,0,0,0,0,0,0,0,0,0,0,0,0,0,0,0,0,0,0,0,0,0,0,0,0,0,0,0,0,0,0,0,0,0,0,0,0,0,0,0,0,0,0,0,0,0,0,0
,0.266,0.3086,0.272133,0.381267,0.3258,0.284133,0.3778,0.3804,0.304067,0.3382,0.317933,0.303333,0.312,0.2714,0.2658,0.373867,0.326533,0,0,0,0,0,0,0,0,0,0,0,0,0,0,0,0,0,0,0,0,0,0,0,0,0,0,0,0,0,0,0,0,0,0,0,0,0,0,0,0,0,0,0,0,0,0,0,0,0,0,0,0,0,0,0,0,0,0,0,0,0,0,0,0,0,0,0,0,0,0,0,0,0,0,0,0,0,0,0,0,0,0,0
,0.2148,0.266667,0.208133,0.343533,0.262533,0.2198,0.405733,0.356067,0.256867,0.4146,0.263667,0.247733,0.268267,0.212533,0.209533,0.366867,0.407,0.352733,0,0,0,0,0,0,0,0,0,0,0,0,0,0,0,0,0,0,0,0,0,0,0,0,0,0,0,0,0,0,0,0,0,0,0,0,0,0,0,0,0,0,0,0,0,0,0,0,0,0,0,0,0,0,0,0,0,0,0,0,0,0,0,0,0,0,0,0,0,0,0,0,0,0,0,0,0,0,0,0,0,0
0.530467,0.296733,0.537667,0.292933,0.419267,0.5166,0.221067,0.2736,0.3564,0.2,0.3414,0.417133,0.325533,0.537733,0.543933,0.2616,0.194867,0.2712,0.206133,0,0,0,0,0,0,0,0,0,0,0,0,0,0,0,0,0,0,0,0,0,0,0,0,0,0,0,0,0,0,0,0,0,0,0,0,0,0,0,0,0,0,0,0,0,0,0,0,0,0,0,0,0,0,0,0,0,0,0,0,0,0,0,0,0,0,0,0,0,0,0,0,0,0,0,0,0,0,0,0,0
,0.3068,0.579133,0.2922,0.3152,0.304,0.2824,0.283867,0.3108,0.4984,0.2686,0.528,0.442333,0.554933,0.292467,0.299667,0.299,0.2674,0.307933,0.266533,0.2844,0,0,0,0,0,0,0,0,0,0,0,0,0,0,0,0,0,0,0,0,0,0,0,0,0,0,0,0,0,0,0,0,0,0,0,0,0,0,0,0,0,0,0,0,0,0,0,0,0,0,0,0,0,0,0,0,0,0,0,0,0,0,0,0,0,0,0,0,0,0,0,0,0,0,0,0,0,0,0,0
,0.5284,0.323867,0.5314,0.291,0.415133,0.511533,0.232467,0.2786,0.379533,0.2066,0.365067,0.4358,0.3474,0.530533,0.538,0.255933,0.2062,0.274267,0.214,0.5304,0.306467,0,0,0,0,0,0,0,0,0,0,0,0,0,0,0,0,0,0,0,0,0,0,0,0,0,0,0,0,0,0,0,0,0,0,0,0,0,0,0,0,0,0,0,0,0,0,0,0,0,0,0,0,0,0,0,0,0,0,0,0,0,0,0,0,0,0,0,0,0,0,0,0,0,0,0,0,0,0,0
,0.2062,0.2892,0.202267,0.295,0.2452,0.207733,0.343667,0.302067,0.267667,0.402333,0.2724,0.250667,0.280467,0.2008,0.201733,0.308333,0.424,0.3018,0.378667,0.201467,0.2902,0.207667,0,0,0,0,0,0,0,0,0,0,0,0,0,0,0,0,0,0,0,0,0,0,0,0,0,0,0,0,0,0,0,0,0,0,0,0,0,0,0,0,0,0,0,0,0,0,0,0,0,0,0,0,0,0,0,0,0,0,0,0,0,0,0,0,0,0,0,0,0,0,0,0,0,0,0,0,0,0
0.533133,0.300733,0.535267,0.292067,0.416867,0.517667,0.2238,0.274267,0.355867,0.201133,0.345867,0.419267,0.3236,0.5424,0.5338,0.256467,0.1994,0.2652,0.206933,0.541467,0.2872,0.532733,0.201933,0,0,0,0,0,0,0,0,0,0,0,0,0,0,0,0,0,0,0,0,0,0,0,0,0,0,0,0,0,0,0,0,0,0,0,0,0,0,0,0,0,0,0,0,0,0,0,0,0,0,0,0,0,0,0,0,0,0,0,0,0,0,0,0,0,0,0,0,0,0,0,0,0,0,0,0,0
,0.4024,0.486067,0.389333,0.323933,0.365333,0.371867,0.2712,0.3142,0.488067,0.246533,0.4906,0.4818,0.486333,0.392133,0.391667,0.293067,0.248533,0.3098,0.2548,0.388467,0.476667,0.4074,0.262,0.3882,0,0,0,0,0,0,0,0,0,0,0,0,0,0,0,0,0,0,0,0,0,0,0,0,0,0,0,0,0,0,0,0,0,0,0,0,0,0,0,0,0,0,0,0,0,0,0,0,0,0,0,0,0,0,0,0,0,0,0,0,0,0,0,0,0,0,0,0,0,0,0,0,0,0,0,0
0.295867,0.582067,0.280533,0.307333,0.2978,0.268,0.2744,0.303333,0.492467,0.2684,0.517667,0.4296,0.549333,0.281267,0.2838,0.289067,0.263933,0.2994,0.264,0.273267,0.605133,0.294933,0.286733,0.273333,0.457867,0,0,0,0,0,0,0,0,0,0,0,0,0,0,0,0,0,0,0,0,0,0,0,0,0,0,0,0,0,0,0,0,0,0,0,0,0,0,0,0,0,0,0,0,0,0,0,0,0,0,0,0,0,0,0,0,0,0,0,0,0,0,0,0,0,0,0,0,0,0,0,0,0,0,0
0.218867,0.276133,0.215067,0.351,0.2698,0.2216,0.4118,0.361133,0.266533,0.403867,0.269733,0.252867,0.2722,0.216733,0.216333,0.377267,0.3908,0.362067,0.414133,0.2156,0.270133,0.217067,0.359467,0.2168,0.262133,0.268067,0,0,0,0,0,0,0,0,0,0,0,0,0,0,0,0,0,0,0,0,0,0,0,0,0,0,0,0,0,0,0,0,0,0,0,0,0,0,0,0,0,0,0,0,0,0,0,0,0,0,0,0,0,0,0,0,0,0,0,0,0,0,0,0,0,0,0,0,0,0,0,0,0,0
0.306667,0.576333,0.294067,0.314333,0.3056,0.279533,0.283933,0.3102,0.499667,0.267733,0.523133,0.441067,0.544333,0.2928,0.296933,0.3008,0.271333,0.308733,0.272467,0.2828,0.5924,0.308733,0.291,0.286,0.4732,0.6008,0.272467,0,0,0,0,0,0,0,0,0,0,0,0,0,0,0,0,0,0,0,0,0,0,0,0,0,0,0,0,0,0,0,0,0,0,0,0,0,0,0,0,0,0,0,0,0,0,0,0,0,0,0,0,0,0,0,0,0,0,0,0,0,0,0,0,0,0,0,0,0,0,0,0,0
,0.5132,0.299,0.5224,0.2998,0.419533,0.508133,0.236333,0.282133,0.359133,0.2104,0.336933,0.403,0.3168,0.520067,0.517933,0.261267,0.203933,0.279733,0.2172,0.525467,0.286067,0.515667,0.208333,0.522933,0.378333,0.2712,0.224133,0.282533,0,0,0,0,0,0,0,0,0,0,0,0,0,0,0,0,0,0,0,0,0,0,0,0,0,0,0,0,0,0,0,0,0,0,0,0,0,0,0,0,0,0,0,0,0,0,0,0,0,0,0,0,0,0,0,0,0,0,0,0,0,0,0,0,0,0,0,0,0,0,0,0
,0.5248,0.335333,0.526,0.2922,0.404867,0.504267,0.228,0.279733,0.3868,0.2092,0.3732,0.4358,0.348467,0.522133,0.533133,0.262467,0.206867,0.274533,0.218133,0.527133,0.322133,0.527267,0.214133,0.530733,0.4154,0.307067,0.217933,0.319333,0.5042,0,0,0,0,0,0,0,0,0,0,0,0,0,0,0,0,0,0,0,0,0,0,0,0,0,0,0,0,0,0,0,0,0,0,0,0,0,0,0,0,0,0,0,0,0,0,0,0,0,0,0,0,0,0,0,0,0,0,0,0,0,0,0,0,0,0,0,0,0,0,0
,0.3538,0.324867,0.354267,0.364,0.377267,0.3606,0.317667,0.354533,0.345533,0.277267,0.343467,0.360733,0.335133,0.358067,0.351867,0.340933,0.267067,0.350067,0.2968,0.3668,0.3174,0.353733,0.2676,0.358467,0.349533,0.3072,0.3092,0.319733,0.368533,0.357067,0,0,0,0,0,0,0,0,0,0,0,0,0,0,0,0,0,0,0,0,0,0,0,0,0,0,0,0,0,0,0,0,0,0,0,0,0,0,0,0,0,0,0,0,0,0,0,0,0,0,0,0,0,0,0,0,0,0,0,0,0,0,0,0,0,0,0,0,0,0
,0.531,0.305133,0.534733,0.290333,0.4104,0.5138,0.222133,0.278667,0.362533,0.2064,0.3418,0.416133,0.324933,0.5414,0.5374,0.258667,0.1986,0.271333,0.215533,0.538067,0.293867,0.5274,0.203933,0.536733,0.3906,0.277067,0.217067,0.291867,0.519,0.521467,0.357733,0,0,0,0,0,0,0,0,0,0,0,0,0,0,0,0,0,0,0,0,0,0,0,0,0,0,0,0,0,0,0,0,0,0,0,0,0,0,0,0,0,0,0,0,0,0,0,0,0,0,0,0,0,0,0,0,0,0,0,0,0,0,0,0,0,0,0,0,0
0.217267,0.280467,0.215467,0.349867,0.2726,0.2274,0.410467,0.3572,0.2654,0.403067,0.2728,0.257067,0.2758,0.215267,0.2132,0.371267,0.3894,0.360067,0.412933,0.213733,0.276867,0.221533,0.354,0.2134,0.260467,0.273867,0.414333,0.275133,0.223667,0.216933,0.307,0.215733,0,0,0,0,0,0,0,0,0,0,0,0,0,0,0,0,0,0,0,0,0,0,0,0,0,0,0,0,0,0,0,0,0,0,0,0,0,0,0,0,0,0,0,0,0,0,0,0,0,0,0,0,0,0,0,0,0,0,0,0,0,0,0,0,0,0,0,0
0.355933,0.322867,0.362,0.358333,0.3844,0.367133,0.314333,0.345867,0.3392,0.275333,0.340133,0.360867,0.329533,0.362133,0.361133,0.333333,0.2692,0.343733,0.287067,0.362867,0.313333,0.367533,0.260267,0.356867,0.3494,0.299333,0.296067,0.311,0.361933,0.358333,0.377267,0.364733,0.293467,0,0,0,0,0,0,0,0,0,0,0,0,0,0,0,0,0,0,0,0,0,0,0,0,0,0,0,0,0,0,0,0,0,0,0,0,0,0,0,0,0,0,0,0,0,0,0,0,0,0,0,0,0,0,0,0,0,0,0,0,0,0,0,0,0,0,0
0.241333,0.294733,0.242533,0.370467,0.301267,0.25,0.403133,0.3802,0.287867,0.379533,0.290733,0.281933,0.295067,0.2474,0.243533,0.387533,0.3556,0.380133,0.393133,0.2428,0.288067,0.2476,0.330533,0.2388,0.2828,0.283667,0.397733,0.291933,0.252,0.247,0.334,0.246067,0.394,0.325867,0,0,0,0,0,0,0,0,0,0,0,0,0,0,0,0,0,0,0,0,0,0,0,0,0,0,0,0,0,0,0,0,0,0,0,0,0,0,0,0,0,0,0,0,0,0,0,0,0,0,0,0,0,0,0,0,0,0,0,0,0,0,0,0,0,0
,0.5106,0.3412,0.517067,0.291133,0.403067,0.489267,0.228067,0.2772,0.395733,0.213133,0.381867,0.447067,0.3618,0.516933,0.5142,0.265267,0.209333,0.272333,0.2166,0.5154,0.330533,0.517133,0.214733,0.5176,0.419533,0.3166,0.2248,0.323133,0.500667,0.516267,0.355867,0.514333,0.224533,0.357533,0.2484,0,0,0,0,0,0,0,0,0,0,0,0,0,0,0,0,0,0,0,0,0,0,0,0,0,0,0,0,0,0,0,0,0,0,0,0,0,0,0,0,0,0,0,0,0,0,0,0,0,0,0,0,0,0,0,0,0,0,0,0,0,0,0,0,0
0.529867,0.325533,0.5286,0.292667,0.415067,0.510867,0.225067,0.275733,0.382,0.2072,0.364733,0.443267,0.3476,0.528133,0.529333,0.260733,0.202467,0.275733,0.2136,0.534467,0.312067,0.530467,0.209733,0.524333,0.4098,0.298067,0.219867,0.311067,0.5158,0.529467,0.357067,0.5278,0.222667,0.3666,0.249467,0.519,0,0,0,0,0,0,0,0,0,0,0,0,0,0,0,0,0,0,0,0,0,0,0,0,0,0,0,0,0,0,0,0,0,0,0,0,0,0,0,0,0,0,0,0,0,0,0,0,0,0,0,0,0,0,0,0,0,0,0,0,0,0,0,0
,0.3212,0.569933,0.307267,0.317467,0.318133,0.296133,0.2822,0.321333,0.4988,0.269933,0.527667,0.454667,0.546667,0.303133,0.3084,0.300667,0.267067,0.309667,0.269,0.301267,0.572867,0.326667,0.288067,0.304467,0.4838,0.576,0.274533,0.5742,0.299867,0.332667,0.324,0.304533,0.280867,0.3198,0.294333,0.346133,0.326467,0,0,0,0,0,0,0,0,0,0,0,0,0,0,0,0,0,0,0,0,0,0,0,0,0,0,0,0,0,0,0,0,0,0,0,0,0,0,0,0,0,0,0,0,0,0,0,0,0,0,0,0,0,0,0,0,0,0,0,0,0,0,0
,0.5248,0.295133,0.532533,0.286067,0.413067,0.512733,0.232533,0.275733,0.358667,0.203267,0.338133,0.4126,0.317933,0.530467,0.532867,0.2606,0.197867,0.271733,0.212733,0.534467,0.284333,0.523533,0.199933,0.532267,0.383333,0.271467,0.219933,0.280667,0.520467,0.517867,0.361867,0.532733,0.219067,0.361667,0.246733,0.5086,0.5234,0.2974,0,0,0,0,0,0,0,0,0,0,0,0,0,0,0,0,0,0,0,0,0,0,0,0,0,0,0,0,0,0,0,0,0,0,0,0,0,0,0,0,0,0,0,0,0,0,0,0,0,0,0,0,0,0,0,0,0,0,0,0,0,0
0.530467,0.314067,0.5302,0.289,0.412267,0.514133,0.2268,0.280533,0.375067,0.207533,0.352733,0.4268,0.335,0.537933,0.535067,0.256267,0.1972,0.273933,0.210067,0.5378,0.3006,0.532733,0.202733,0.535067,0.3992,0.284533,0.2164,0.2964,0.521867,0.530333,0.358733,0.531267,0.2164,0.356067,0.2454,0.517733,0.532,0.313733,0.532267,0,0,0,0,0,0,0,0,0,0,0,0,0,0,0,0,0,0,0,0,0,0,0,0,0,0,0,0,0,0,0,0,0,0,0,0,0,0,0,0,0,0,0,0,0,0,0,0,0,0,0,0,0,0,0,0,0,0,0,0,0
0.523467,0.326667,0.524933,0.296,0.400867,0.5034,0.2366,0.276333,0.385733,0.206667,0.370467,0.4364,0.351667,0.525,0.5296,0.262667,0.2056,0.2706,0.2164,0.5304,0.3104,0.5294,0.206733,0.531,0.4124,0.302467,0.222133,0.310533,0.508867,0.525533,0.358067,0.527333,0.223133,0.357267,0.248867,0.525333,0.521,0.331533,0.522067,0.5268,0,0,0,0,0,0,0,0,0,0,0,0,0,0,0,0,0,0,0,0,0,0,0,0,0,0,0,0,0,0,0,0,0,0,0,0,0,0,0,0,0,0,0,0,0,0,0,0,0,0,0,0,0,0,0,0,0,0,0,0
0.204933,0.265467,0.203333,0.3158,0.2484,0.2088,0.388867,0.3334,0.252467,0.417133,0.257067,0.241333,0.259333,0.199667,0.201133,0.3416,0.423267,0.334533,0.41,0.1986,0.266667,0.204133,0.4054,0.199667,0.243533,0.2606,0.396667,0.267933,0.2058,0.205333,0.279533,0.201,0.3952,0.2778,0.3684,0.2106,0.206867,0.2698,0.204067,0.201,0.2096,0,0,0,0,0,0,0,0,0,0,0,0,0,0,0,0,0,0,0,0,0,0,0,0,0,0,0,0,0,0,0,0,0,0,0,0,0,0,0,0,0,0,0,0,0,0,0,0,0,0,0,0,0,0,0,0,0,0,0
0.521933,0.299067,0.525067,0.294667,0.420267,0.511333,0.231467,0.2818,0.361133,0.208467,0.342867,0.412267,0.318933,0.528667,0.528667,0.269667,0.205067,0.2804,0.219133,0.5362,0.281333,0.521133,0.2038,0.526933,0.380467,0.270067,0.225067,0.284733,0.516133,0.518533,0.361,0.5234,0.2258,0.3674,0.250133,0.509,0.519267,0.298533,0.523067,0.531,0.515267,0.2072,0,0,0,0,0,0,0,0,0,0,0,0,0,0,0,0,0,0,0,0,0,0,0,0,0,0,0,0,0,0,0,0,0,0,0,0,0,0,0,0,0,0,0,0,0,0,0,0,0,0,0,0,0,0,0,0,0,0
,0.5274,0.304933,0.536333,0.295,0.416933,0.515867,0.231733,0.2772,0.363733,0.207133,0.346733,0.413,0.3252,0.534867,0.538733,0.265333,0.2036,0.274667,0.212533,0.538467,0.2902,0.529133,0.2026,0.537733,0.386667,0.2726,0.2208,0.2896,0.520933,0.529467,0.357667,0.5354,0.221733,0.364533,0.246467,0.515533,0.5288,0.306333,0.532067,0.5294,0.524933,0.201933,0.527467,0,0,0,0,0,0,0,0,0,0,0,0,0,0,0,0,0,0,0,0,0,0,0,0,0,0,0,0,0,0,0,0,0,0,0,0,0,0,0,0,0,0,0,0,0,0,0,0,0,0,0,0,0,0,0,0,0
,0.2362,0.290533,0.231933,0.3692,0.291333,0.243067,0.403333,0.372667,0.280867,0.381467,0.284133,0.275133,0.2892,0.235533,0.229333,0.383733,0.369,0.367867,0.3942,0.234,0.283,0.236267,0.3322,0.231133,0.274333,0.278533,0.4014,0.286267,0.243267,0.241067,0.3192,0.233667,0.396267,0.317733,0.403133,0.2394,0.2368,0.2872,0.235933,0.233467,0.239467,0.378333,0.237333,0.234333,0,0,0,0,0,0,0,0,0,0,0,0,0,0,0,0,0,0,0,0,0,0,0,0,0,0,0,0,0,0,0,0,0,0,0,0,0,0,0,0,0,0,0,0,0,0,0,0,0,0,0,0,0,0,0,0
,0.5184,0.347333,0.5138,0.2954,0.404467,0.483067,0.236733,0.282467,0.399733,0.2148,0.391467,0.4538,0.370933,0.5152,0.5192,0.2656,0.209133,0.276133,0.225667,0.5202,0.336467,0.514467,0.218867,0.5144,0.428067,0.320333,0.2298,0.335,0.492533,0.514733,0.3558,0.513533,0.2284,0.360533,0.253067,0.513867,0.518733,0.352667,0.508533,0.517133,0.510667,0.213867,0.504733,0.511467,0.244667,0,0,0,0,0,0,0,0,0,0,0,0,0,0,0,0,0,0,0,0,0,0,0,0,0,0,0,0,0,0,0,0,0,0,0,0,0,0,0,0,0,0,0,0,0,0,0,0,0,0,0,0,0,0,0
,0.3718,0.517733,0.3532,0.324533,0.349267,0.339533,0.278667,0.319533,0.506,0.260267,0.5094,0.476733,0.5192,0.351667,0.356533,0.301,0.261933,0.314933,0.268933,0.3468,0.5132,0.372533,0.2784,0.353333,0.494733,0.504933,0.270133,0.516067,0.3474,0.3776,0.3436,0.353933,0.2714,0.3434,0.291667,0.384133,0.3754,0.520467,0.344467,0.364067,0.377467,0.26,0.353133,0.352267,0.289467,0.393733,0,0,0,0,0,0,0,0,0,0,0,0,0,0,0,0,0,0,0,0,0,0,0,0,0,0,0,0,0,0,0,0,0,0,0,0,0,0,0,0,0,0,0,0,0,0,0,0,0,0,0,0,0,0
0.532267,0.3018,0.536,0.292867,0.4148,0.513533,0.2304,0.278,0.363933,0.206267,0.347533,0.4198,0.324133,0.5394,0.5414,0.258533,0.198133,0.272533,0.213067,0.544467,0.287067,0.528667,0.203933,0.5394,0.3934,0.2734,0.220467,0.286867,0.522533,0.528733,0.361067,0.537067,0.218533,0.362467,0.245533,0.516133,0.5306,0.306667,0.536533,0.538267,0.5264,0.200667,0.528267,0.534933,0.235067,0.5164,0.3586,0,0,0,0,0,0,0,0,0,0,0,0,0,0,0,0,0,0,0,0,0,0,0,0,0,0,0,0,0,0,0,0,0,0,0,0,0,0,0,0,0,0,0,0,0,0,0,0,0,0,0,0,0
0.279133,0.313467,0.281867,0.375133,0.335533,0.2934,0.371,0.3784,0.3126,0.339267,0.3196,0.311867,0.316467,0.2784,0.274667,0.377133,0.319467,0.375533,0.3522,0.279133,0.310867,0.281667,0.301933,0.282,0.312533,0.2994,0.360467,0.304667,0.291867,0.279667,0.355533,0.285667,0.361933,0.3538,0.378733,0.292733,0.282333,0.313,0.284,0.2842,0.285333,0.328533,0.291667,0.285333,0.3744,0.290133,0.323733,0.2876,0,0,0,0,0,0,0,0,0,0,0,0,0,0,0,0,0,0,0,0,0,0,0,0,0,0,0,0,0,0,0,0,0,0,0,0,0,0,0,0,0,0,0,0,0,0,0,0,0,0,0,0
0.274333,0.571133,0.258733,0.285467,0.275667,0.248533,0.262467,0.2818,0.4704,0.248867,0.492867,0.405333,0.5302,0.2552,0.2608,0.270533,0.250733,0.280733,0.250133,0.250733,0.597133,0.273067,0.273467,0.251267,0.444733,0.632933,0.2486,0.595067,0.2472,0.280533,0.278467,0.257467,0.254867,0.2748,0.2614,0.291933,0.2682,0.558733,0.2452,0.2602,0.276267,0.2484,0.2468,0.249733,0.258067,0.294067,0.482333,0.247133,0.274067,0,0,0,0,0,0,0,0,0,0,0,0,0,0,0,0,0,0,0,0,0,0,0,0,0,0,0,0,0,0,0,0,0,0,0,0,0,0,0,0,0,0,0,0,0,0,0,0,0,0,0
0.250533,0.420267,0.241067,0.3012,0.267133,0.239,0.299867,0.298733,0.374267,0.317333,0.386067,0.338333,0.4062,0.2378,0.241267,0.300667,0.328733,0.301867,0.309267,0.2364,0.422667,0.252867,0.384533,0.2352,0.3548,0.433267,0.3004,0.4302,0.2386,0.256867,0.291733,0.241067,0.298667,0.284733,0.3026,0.262867,0.250067,0.4154,0.236,0.2438,0.2576,0.3158,0.2344,0.241333,0.301467,0.2664,0.386133,0.2396,0.301267,0.429133,0,0,0,0,0,0,0,0,0,0,0,0,0,0,0,0,0,0,0,0,0,0,0,0,0,0,0,0,0,0,0,0,0,0,0,0,0,0,0,0,0,0,0,0,0,0,0,0,0,0
0.240733,0.292933,0.246,0.375933,0.301267,0.254067,0.4004,0.376267,0.2874,0.366667,0.2922,0.282333,0.294,0.243533,0.243333,0.385867,0.352667,0.3802,0.382533,0.241333,0.291867,0.249533,0.323533,0.241133,0.291333,0.2844,0.392867,0.288933,0.2522,0.247267,0.331267,0.2432,0.3894,0.322733,0.397533,0.2484,0.246733,0.295067,0.2478,0.251,0.2456,0.358267,0.254533,0.252533,0.3904,0.253667,0.290267,0.246867,0.3798,0.261867,0.303933,0,0,0,0,0,0,0,0,0,0,0,0,0,0,0,0,0,0,0,0,0,0,0,0,0,0,0,0,0,0,0,0,0,0,0,0,0,0,0,0,0,0,0,0,0,0,0,0,0
0.225333,0.3358,0.218267,0.292867,0.253467,0.219067,0.313267,0.2988,0.306533,0.365133,0.3186,0.285067,0.3298,0.214067,0.220933,0.302533,0.383533,0.300733,0.343067,0.212467,0.337533,0.225733,0.439267,0.2152,0.294333,0.342667,0.3216,0.3396,0.218267,0.231,0.272467,0.218867,0.3274,0.272933,0.3154,0.2368,0.225133,0.336333,0.2174,0.2198,0.2266,0.361867,0.215067,0.219667,0.312933,0.239133,0.3198,0.2158,0.3008,0.330467,0.465933,0.307667,0,0,0,0,0,0,0,0,0,0,0,0,0,0,0,0,0,0,0,0,0,0,0,0,0,0,0,0,0,0,0,0,0,0,0,0,0,0,0,0,0,0,0,0,0,0,0,0
0.199733,0.265867,0.197133,0.304533,0.243067,0.207467,0.364733,0.3142,0.250467,0.415667,0.259,0.2432,0.258333,0.195467,0.197933,0.323533,0.4336,0.308333,0.401467,0.1936,0.2644,0.2052,0.432733,0.196267,0.245133,0.265867,0.3792,0.2668,0.203933,0.2046,0.268867,0.1978,0.3842,0.263267,0.349867,0.209867,0.2042,0.2654,0.1992,0.200267,0.2074,0.4206,0.2032,0.2056,0.356467,0.211133,0.2556,0.198333,0.313467,0.249333,0.339,0.345333,0.387733,0,0,0,0,0,0,0,0,0,0,0,0,0,0,0,0,0,0,0,0,0,0,0,0,0,0,0,0,0,0,0,0,0,0,0,0,0,0,0,0,0,0,0,0,0,0,0
0.267067,0.514067,0.2546,0.301733,0.2842,0.252067,0.289067,0.302267,0.437333,0.2852,0.462667,0.3842,0.4822,0.2556,0.260067,0.2916,0.291933,0.297933,0.2808,0.249933,0.533733,0.267467,0.330467,0.246267,0.413533,0.5594,0.2776,0.5372,0.2488,0.2796,0.2946,0.254533,0.285733,0.287,0.291333,0.283267,0.2684,0.513533,0.248267,0.256067,0.273867,0.283867,0.249,0.2514,0.286467,0.284933,0.452333,0.248867,0.2958,0.588467,0.5246,0.2888,0.402133,0.2924,0,0,0,0,0,0,0,0,0,0,0,0,0,0,0,0,0,0,0,0,0,0,0,0,0,0,0,0,0,0,0,0,0,0,0,0,0,0,0,0,0,0,0,0,0,0
0.243733,0.383533,0.236667,0.297533,0.267333,0.2334,0.3048,0.300267,0.341533,0.331467,0.360867,0.317667,0.3698,0.2324,0.233867,0.302067,0.345467,0.3022,0.323267,0.227733,0.3852,0.2416,0.41,0.2308,0.330533,0.3918,0.307467,0.387067,0.23,0.243267,0.286533,0.229533,0.305133,0.279467,0.309467,0.247667,0.238867,0.379467,0.2306,0.237267,0.241267,0.3302,0.228667,0.232067,0.3088,0.255533,0.353933,0.2296,0.3044,0.383733,0.526133,0.304267,0.482133,0.360733,0.467867,0,0,0,0,0,0,0,0,0,0,0,0,0,0,0,0,0,0,0,0,0,0,0,0,0,0,0,0,0,0,0,0,0,0,0,0,0,0,0,0,0,0,0,0,0
0.214667,0.310867,0.208867,0.292133,0.247,0.208867,0.322867,0.2932,0.2894,0.381933,0.294267,0.273067,0.300933,0.207267,0.206933,0.299067,0.39,0.294267,0.3568,0.205867,0.317467,0.213933,0.4522,0.200933,0.279067,0.312067,0.3376,0.3142,0.2118,0.221,0.269267,0.208,0.336,0.266067,0.3202,0.220267,0.219067,0.313133,0.2102,0.211867,0.213067,0.374,0.210267,0.209333,0.324333,0.227333,0.297267,0.208067,0.2978,0.302333,0.4246,0.312933,0.466867,0.414933,0.366067,0.445333,0,0,0,0,0,0,0,0,0,0,0,0,0,0,0,0,0,0,0,0,0,0,0,0,0,0,0,0,0,0,0,0,0,0,0,0,0,0,0,0,0,0,0,0
,0.2054,0.285267,0.203733,0.291067,0.2428,0.2074,0.343067,0.297,0.266333,0.398933,0.272533,0.2526,0.278933,0.197867,0.203067,0.3064,0.421,0.2968,0.3802,0.1984,0.2834,0.211133,0.459333,0.198333,0.2564,0.282,0.3552,0.285067,0.206333,0.208667,0.2608,0.200467,0.356733,0.261867,0.3272,0.2138,0.2084,0.279867,0.2022,0.203,0.2108,0.4016,0.205267,0.203067,0.334667,0.217867,0.275,0.2022,0.303133,0.265533,0.3726,0.318667,0.432667,0.4338,0.325733,0.400933,0.448733,0,0,0,0,0,0,0,0,0,0,0,0,0,0,0,0,0,0,0,0,0,0,0,0,0,0,0,0,0,0,0,0,0,0,0,0,0,0,0,0,0,0,0
,0.2278,0.2826,0.2234,0.360933,0.276267,0.229867,0.404,0.362733,0.269933,0.390333,0.272467,0.260867,0.280533,0.2238,0.226667,0.3766,0.386933,0.3638,0.4102,0.220133,0.28,0.2244,0.3494,0.219933,0.265867,0.2716,0.4082,0.2814,0.231867,0.2306,0.317133,0.225267,0.401667,0.3056,0.401733,0.2332,0.227467,0.282333,0.2278,0.222333,0.229533,0.3882,0.2302,0.226133,0.392533,0.237333,0.2788,0.2274,0.365733,0.2544,0.305467,0.3908,0.317,0.374867,0.285467,0.310667,0.3296,0.352,0,0,0,0,0,0,0,0,0,0,0,0,0,0,0,0,0,0,0,0,0,0,0,0,0,0,0,0,0,0,0,0,0,0,0,0,0,0,0,0,0,0
,0.3822,0.495133,0.370533,0.3236,0.356533,0.356867,0.272533,0.316667,0.500667,0.255467,0.5048,0.479467,0.4992,0.370133,0.377,0.295933,0.254067,0.315533,0.259133,0.3636,0.493133,0.392467,0.268667,0.370467,0.493,0.4776,0.271,0.494133,0.361533,0.400933,0.349733,0.372467,0.267733,0.352067,0.285467,0.4022,0.390533,0.494667,0.359333,0.378333,0.392133,0.254933,0.364733,0.370933,0.280733,0.4064,0.5034,0.367733,0.318867,0.452867,0.366267,0.2922,0.308133,0.250333,0.425267,0.341267,0.285733,0.2666,0.274067,0,0,0,0,0,0,0,0,0,0,0,0,0,0,0,0,0,0,0,0,0,0,0,0,0,0,0,0,0,0,0,0,0,0,0,0,0,0,0,0,0
0.534133,0.308933,0.533067,0.290267,0.412867,0.512733,0.227733,0.273,0.366733,0.2086,0.346067,0.420267,0.3302,0.5352,0.537667,0.260267,0.200467,0.266867,0.211667,0.5384,0.286467,0.5286,0.203733,0.543,0.390133,0.277333,0.218133,0.288467,0.5218,0.526133,0.3616,0.5336,0.2152,0.363467,0.2454,0.517133,0.527533,0.306267,0.530333,0.535933,0.5276,0.199,0.523,0.5342,0.235133,0.513133,0.355067,0.539067,0.283867,0.246467,0.237,0.247133,0.218667,0.198933,0.2468,0.230467,0.206333,0.2016,0.223467,0.374333,0,0,0,0,0,0,0,0,0,0,0,0,0,0,0,0,0,0,0,0,0,0,0,0,0,0,0,0,0,0,0,0,0,0,0,0,0,0,0,0
0.226333,0.331467,0.2184,0.2938,0.255,0.2206,0.317067,0.296533,0.3056,0.355533,0.3186,0.283067,0.323,0.212533,0.2188,0.298333,0.376933,0.2968,0.331867,0.215067,0.337,0.225867,0.433,0.211,0.297067,0.339533,0.321267,0.335,0.221333,0.229333,0.274333,0.213533,0.3228,0.2644,0.314667,0.2334,0.2282,0.334,0.215333,0.219533,0.226867,0.352733,0.2112,0.2224,0.3132,0.234933,0.314933,0.215933,0.296,0.330067,0.464267,0.308667,0.481533,0.386267,0.3954,0.480667,0.461533,0.4316,0.3164,0.300467,0.217533,0,0,0,0,0,0,0,0,0,0,0,0,0,0,0,0,0,0,0,0,0,0,0,0,0,0,0,0,0,0,0,0,0,0,0,0,0,0,0
,0.21,0.2952,0.2034,0.291267,0.246133,0.208533,0.334467,0.300733,0.274733,0.382467,0.282667,0.257867,0.292933,0.204467,0.205467,0.3016,0.4032,0.2986,0.3666,0.2018,0.302467,0.211467,0.4566,0.200533,0.267867,0.300133,0.348133,0.3,0.207667,0.213533,0.270667,0.2046,0.343467,0.261667,0.321133,0.219533,0.211133,0.298667,0.206733,0.206467,0.2106,0.382467,0.211,0.208333,0.3242,0.220867,0.283467,0.206133,0.2948,0.283533,0.413467,0.3166,0.461067,0.421,0.344067,0.438133,0.466133,0.449467,0.337467,0.278467,0.203533,0.455333,0,0,0,0,0,0,0,0,0,0,0,0,0,0,0,0,0,0,0,0,0,0,0,0,0,0,0,0,0,0,0,0,0,0,0,0,0,0
,0.203,0.265067,0.2004,0.326067,0.2512,0.2118,0.3902,0.330333,0.248933,0.416867,0.2542,0.236933,0.260333,0.2006,0.202867,0.349733,0.420467,0.334733,0.415067,0.1976,0.258733,0.2066,0.401133,0.201667,0.246067,0.258867,0.395933,0.262,0.206667,0.2064,0.273533,0.1976,0.3992,0.275733,0.378,0.2084,0.204667,0.258933,0.203667,0.199867,0.2076,0.418,0.204133,0.2052,0.3748,0.213,0.259267,0.203133,0.326933,0.240533,0.3198,0.360533,0.359533,0.419067,0.281267,0.333333,0.377133,0.402667,0.396333,0.251333,0.200333,0.354533,0.381333,0,0,0,0,0,0,0,0,0,0,0,0,0,0,0,0,0,0,0,0,0,0,0,0,0,0,0,0,0,0,0,0,0,0,0,0,0
,0.2392,0.377067,0.2302,0.3012,0.2668,0.229467,0.303933,0.299,0.336933,0.328667,0.3542,0.312867,0.3634,0.2294,0.236333,0.2984,0.349933,0.301467,0.3242,0.229,0.381133,0.2368,0.406467,0.224867,0.327267,0.391733,0.311067,0.381667,0.232333,0.2468,0.286467,0.225333,0.311,0.275333,0.3084,0.248933,0.2404,0.3774,0.230733,0.233467,0.240867,0.339267,0.2268,0.233667,0.2988,0.255533,0.353267,0.2268,0.302067,0.38,0.5282,0.307867,0.482867,0.364133,0.469667,0.5238,0.444,0.3986,0.3132,0.338733,0.225,0.485333,0.435333,0.3378,0,0,0,0,0,0,0,0,0,0,0,0,0,0,0,0,0,0,0,0,0,0,0,0,0,0,0,0,0,0,0,0,0,0,0,0
0.210267,0.269467,0.208,0.336333,0.250733,0.214667,0.3994,0.3484,0.2574,0.416,0.2706,0.247867,0.265667,0.207467,0.207467,0.362067,0.419333,0.349,0.418333,0.2062,0.2678,0.2078,0.390333,0.207,0.250333,0.265733,0.406533,0.270667,0.211733,0.2114,0.2898,0.209133,0.409467,0.279867,0.386733,0.2152,0.2128,0.272533,0.2094,0.212933,0.2158,0.411,0.214867,0.210867,0.387867,0.2158,0.2664,0.207933,0.346933,0.243667,0.314533,0.3768,0.354133,0.409733,0.281733,0.3304,0.3696,0.391733,0.4006,0.259,0.213,0.3478,0.376933,0.4152,0.328467,0,0,0,0,0,0,0,0,0,0,0,0,0,0,0,0,0,0,0,0,0,0,0,0,0,0,0,0,0,0,0,0,0,0,0
0.206933,0.284667,0.199467,0.293733,0.245,0.206,0.342467,0.299267,0.261133,0.400733,0.272867,0.247133,0.277933,0.203333,0.203067,0.313333,0.4176,0.3018,0.3788,0.196533,0.282667,0.2064,0.457067,0.1984,0.259,0.283733,0.3594,0.284267,0.2044,0.208533,0.263933,0.200333,0.3594,0.259533,0.330267,0.214267,0.2072,0.281667,0.2024,0.202467,0.208733,0.398733,0.204933,0.208333,0.3366,0.213533,0.2746,0.201733,0.301867,0.268333,0.386133,0.324733,0.4392,0.431067,0.3252,0.4048,0.447267,0.4536,0.348933,0.265467,0.201,0.434867,0.451733,0.3998,0.405333,0.386467,0,0,0,0,0,0,0,0,0,0,0,0,0,0,0,0,0,0,0,0,0,0,0,0,0,0,0,0,0,0,0,0,0,0
0.247267,0.415333,0.235533,0.303067,0.275067,0.240467,0.299533,0.304933,0.366533,0.316733,0.378867,0.327333,0.397133,0.2376,0.2412,0.302067,0.3232,0.2988,0.3082,0.232533,0.420333,0.250067,0.3872,0.2306,0.347733,0.427067,0.301933,0.418467,0.240333,0.258333,0.2918,0.2352,0.305267,0.282733,0.308133,0.259267,0.247667,0.409467,0.240733,0.237533,0.251133,0.321333,0.235333,0.2358,0.2996,0.266867,0.381333,0.239333,0.300867,0.422533,0.5538,0.299333,0.4698,0.344067,0.522067,0.5248,0.4318,0.381267,0.302733,0.364933,0.2382,0.472133,0.412267,0.321733,0.5316,0.312333,0.3838,0,0,0,0,0,0,0,0,0,0,0,0,0,0,0,0,0,0,0,0,0,0,0,0,0,0,0,0,0,0,0,0,0
0.203667,0.2886,0.207067,0.297,0.245733,0.21,0.337067,0.2948,0.269267,0.389733,0.2786,0.253,0.283067,0.200733,0.204,0.310867,0.4098,0.300467,0.371733,0.197933,0.287867,0.211133,0.452467,0.200933,0.263267,0.2868,0.349267,0.2914,0.207,0.211133,0.2648,0.200867,0.355067,0.2584,0.3284,0.210467,0.208667,0.289667,0.201933,0.206867,0.205067,0.3944,0.204533,0.203733,0.334467,0.2188,0.274933,0.2054,0.2946,0.273067,0.394933,0.316533,0.443667,0.426,0.336067,0.4166,0.455067,0.451667,0.341733,0.2696,0.203733,0.443533,0.452533,0.398133,0.4128,0.3808,0.451667,0.3924,0,0,0,0,0,0,0,0,0,0,0,0,0,0,0,0,0,0,0,0,0,0,0,0,0,0,0,0,0,0,0,0
0.260933,0.456333,0.2526,0.3066,0.283467,0.251267,0.2956,0.306067,0.4018,0.313133,0.419,0.3624,0.4386,0.249467,0.2516,0.302933,0.316333,0.309333,0.3056,0.241067,0.472467,0.262733,0.3646,0.245867,0.383467,0.483333,0.300667,0.470667,0.2484,0.268733,0.299067,0.2522,0.2984,0.290667,0.302267,0.2734,0.2646,0.457133,0.250067,0.253667,0.263867,0.3114,0.2484,0.247867,0.3014,0.279933,0.4154,0.249333,0.3012,0.487133,0.557333,0.3004,0.449467,0.322333,0.587333,0.5176,0.4058,0.357133,0.297733,0.3966,0.247133,0.447067,0.3874,0.306333,0.522667,0.3002,0.360067,0.560867,0.3716,0,0,0,0,0,0,0,0,0,0,0,0,0,0,0,0,0,0,0,0,0,0,0,0,0,0,0,0,0,0,0
0.202533,0.2758,0.202133,0.3012,0.245133,0.2032,0.363,0.315267,0.2558,0.423067,0.262733,0.243133,0.271,0.201667,0.2012,0.320667,0.428733,0.315867,0.391933,0.195333,0.2718,0.205067,0.440267,0.198067,0.2518,0.270467,0.382133,0.274867,0.205667,0.210067,0.267733,0.200467,0.376133,0.266133,0.345467,0.208733,0.203733,0.274067,0.203067,0.199867,0.202867,0.4156,0.205,0.1994,0.3462,0.214467,0.261867,0.203533,0.307133,0.255133,0.351133,0.3418,0.403933,0.4384,0.3012,0.3766,0.423267,0.439733,0.370333,0.256,0.200333,0.403133,0.434933,0.418,0.3732,0.405133,0.440667,0.357333,0.435867,0.336733,0,0,0,0,0,0,0,0,0,0,0,0,0,0,0,0,0,0,0,0,0,0,0,0,0,0,0,0,0,0
0.221467,0.3352,0.2196,0.2958,0.254133,0.222,0.311,0.299467,0.305933,0.3528,0.315733,0.281533,0.325,0.213267,0.216667,0.302,0.377267,0.301867,0.338267,0.2152,0.338867,0.224867,0.4388,0.215133,0.299933,0.3408,0.318933,0.340067,0.219267,0.2302,0.272,0.218467,0.323067,0.2686,0.312133,0.232133,0.2256,0.335267,0.2124,0.219333,0.2266,0.3558,0.217067,0.219667,0.318267,0.239733,0.316,0.2146,0.296133,0.3324,0.4732,0.310867,0.483067,0.394133,0.403,0.485267,0.470267,0.424333,0.323267,0.309533,0.2156,0.4834,0.4576,0.356667,0.487267,0.349267,0.435267,0.4718,0.4412,0.4578,0.404733,0,0,0,0,0,0,0,0,0,0,0,0,0,0,0,0,0,0,0,0,0,0,0,0,0,0,0,0,0
,0.204,0.272867,0.200133,0.2948,0.239867,0.2032,0.347867,0.302867,0.254867,0.4086,0.263867,0.244,0.2688,0.1968,0.201,0.3144,0.421,0.304867,0.3896,0.201133,0.2742,0.204733,0.4472,0.194333,0.253867,0.272667,0.366667,0.275133,0.202067,0.209333,0.264733,0.2006,0.369467,0.2586,0.340067,0.2068,0.205533,0.270467,0.1986,0.199533,0.204933,0.402133,0.201533,0.199867,0.343067,0.211933,0.266333,0.2016,0.2986,0.258,0.370333,0.331,0.415467,0.428133,0.310467,0.390267,0.433533,0.444667,0.3548,0.256267,0.2002,0.414267,0.444,0.405267,0.3898,0.394733,0.443867,0.368267,0.451067,0.347867,0.436667,0.421,0,0,0,0,0,0,0,0,0,0,0,0,0,0,0,0,0,0,0,0,0,0,0,0,0,0,0,0
,0.2046,0.279733,0.199467,0.293933,0.242133,0.2036,0.339,0.299,0.263667,0.396,0.270067,0.248667,0.272733,0.199267,0.200267,0.308733,0.418067,0.3036,0.373867,0.1986,0.2808,0.207867,0.453733,0.196133,0.256133,0.2798,0.350933,0.2824,0.206267,0.206933,0.2636,0.1966,0.355267,0.2528,0.331933,0.208733,0.206,0.2804,0.205933,0.203733,0.2112,0.4008,0.201867,0.2042,0.3294,0.2154,0.272133,0.202667,0.2988,0.266533,0.387533,0.317,0.441867,0.431667,0.321,0.4092,0.457133,0.45,0.345933,0.2648,0.200467,0.439667,0.454333,0.405133,0.414667,0.381733,0.449867,0.390733,0.4538,0.363133,0.443467,0.4408,0.445,0,0,0,0,0,0,0,0,0,0,0,0,0,0,0,0,0,0,0,0,0,0,0,0,0,0,0
0.231467,0.284867,0.231,0.367133,0.2896,0.240733,0.4006,0.377867,0.277333,0.383267,0.282933,0.2672,0.2838,0.235667,0.227,0.3844,0.375467,0.373733,0.402067,0.2298,0.2836,0.2312,0.341333,0.226733,0.270933,0.2744,0.4036,0.282933,0.234933,0.237933,0.319733,0.233267,0.399333,0.313333,0.400533,0.240933,0.234267,0.280933,0.232333,0.234533,0.2306,0.377533,0.237,0.236933,0.3976,0.239333,0.2812,0.233467,0.3694,0.2544,0.304267,0.3904,0.318333,0.365,0.285533,0.312333,0.326133,0.340333,0.400267,0.277133,0.234133,0.319067,0.3298,0.382467,0.314,0.393533,0.340067,0.306333,0.340067,0.303,0.354667,0.3192,0.347,0.340867,0,0,0,0,0,0,0,0,0,0,0,0,0,0,0,0,0,0,0,0,0,0,0,0,0,0
0.251467,0.4298,0.246333,0.309133,0.273,0.246733,0.2992,0.300333,0.381,0.314267,0.398733,0.343267,0.407867,0.242933,0.243467,0.3048,0.325333,0.304333,0.3108,0.241933,0.437,0.257067,0.383533,0.2396,0.358933,0.449467,0.305,0.4388,0.243133,0.261533,0.293,0.2404,0.303267,0.283867,0.3044,0.2634,0.253533,0.4214,0.2426,0.246267,0.258533,0.3174,0.242,0.242067,0.3012,0.272933,0.390067,0.240933,0.3012,0.444467,0.562933,0.303533,0.465867,0.3362,0.542267,0.527133,0.4222,0.375067,0.302467,0.3746,0.239533,0.464133,0.406533,0.316067,0.5276,0.310667,0.380533,0.566333,0.389267,0.576133,0.3476,0.4768,0.3608,0.380267,0.302,0,0,0,0,0,0,0,0,0,0,0,0,0,0,0,0,0,0,0,0,0,0,0,0,0
0.226133,0.278267,0.2284,0.3664,0.283067,0.235933,0.400867,0.368733,0.276067,0.386467,0.279133,0.2678,0.2812,0.231667,0.229467,0.38,0.375933,0.3682,0.398467,0.224533,0.275,0.229267,0.337067,0.2264,0.269,0.271333,0.402067,0.277733,0.237,0.235533,0.316467,0.231333,0.401,0.312867,0.396733,0.2372,0.231333,0.282533,0.2328,0.231267,0.236867,0.378933,0.236667,0.230333,0.406867,0.241733,0.282933,0.233267,0.374333,0.2496,0.300667,0.3938,0.317933,0.357667,0.2822,0.308133,0.326333,0.3386,0.400667,0.2762,0.233667,0.313333,0.327667,0.382667,0.3092,0.397533,0.3378,0.303867,0.334933,0.2962,0.359133,0.3174,0.348867,0.3358,0.395333,0.302267,0,0,0,0,0,0,0,0,0,0,0,0,0,0,0,0,0,0,0,0,0,0,0,0
0.263867,0.484267,0.256133,0.3092,0.2838,0.250267,0.296,0.306667,0.4212,0.3,0.4416,0.379667,0.456467,0.251867,0.2548,0.3006,0.306333,0.304533,0.292333,0.246867,0.503333,0.268267,0.349933,0.2474,0.398533,0.518533,0.295667,0.503467,0.25,0.276867,0.301467,0.251867,0.292133,0.294867,0.294667,0.2816,0.265467,0.482933,0.247533,0.259533,0.2744,0.298467,0.2486,0.2506,0.296067,0.286333,0.433267,0.250733,0.302733,0.530267,0.550667,0.296667,0.4328,0.3064,0.6236,0.500133,0.387467,0.342933,0.294733,0.412533,0.2466,0.426867,0.373867,0.296267,0.500733,0.295267,0.345,0.546133,0.3548,0.6044,0.322733,0.433533,0.332867,0.343667,0.2986,0.569867,0.292867,0,0,0,0,0,0,0,0,0,0,0,0,0,0,0,0,0,0,0,0,0,0,0
0.265733,0.4796,0.2552,0.312733,0.284,0.249733,0.2958,0.306867,0.414667,0.3026,0.435867,0.3702,0.457733,0.2516,0.2542,0.300733,0.309733,0.308133,0.296733,0.247867,0.491133,0.2646,0.358667,0.247467,0.3954,0.5042,0.291267,0.4902,0.250067,0.2742,0.3026,0.254,0.297667,0.2898,0.2978,0.277067,0.267533,0.477867,0.248867,0.253533,0.266933,0.301,0.25,0.248267,0.2952,0.282467,0.431067,0.247733,0.3006,0.515933,0.556667,0.303133,0.435733,0.31,0.614,0.506267,0.399133,0.3444,0.297933,0.4078,0.246,0.4366,0.381267,0.2976,0.507933,0.297933,0.356733,0.555133,0.358467,0.604467,0.328267,0.443467,0.3366,0.351067,0.297467,0.568467,0.2928,0.622133,0,0,0,0,0,0,0,0,0,0,0,0,0,0,0,0,0,0,0,0,0,0
,0.5312,0.301333,0.535333,0.293,0.409533,0.5174,0.2314,0.282533,0.357467,0.2064,0.345133,0.4128,0.3214,0.532,0.5386,0.2596,0.201667,0.2714,0.212333,0.541467,0.285933,0.53,0.205867,0.5318,0.390333,0.2744,0.219933,0.288267,0.524467,0.526467,0.361667,0.538733,0.2244,0.363133,0.2466,0.513,0.532,0.3018,0.533067,0.5332,0.522867,0.2046,0.529333,0.531933,0.236533,0.5126,0.3508,0.5386,0.292,0.2452,0.236133,0.2468,0.217533,0.201733,0.2462,0.230667,0.209067,0.2018,0.225133,0.3686,0.5358,0.214533,0.206667,0.205067,0.2306,0.213733,0.203067,0.233933,0.200933,0.246533,0.202,0.214067,0.204733,0.2028,0.233667,0.2404,0.2342,0.247267,0.245067,0,0,0,0,0,0,0,0,0,0,0,0,0,0,0,0,0,0,0,0,0
0.241867,0.395133,0.234733,0.300267,0.265533,0.231133,0.304067,0.3026,0.3494,0.325267,0.366467,0.322333,0.377933,0.232667,0.235267,0.300667,0.340733,0.300067,0.310267,0.2316,0.395333,0.244,0.395067,0.232933,0.339333,0.405667,0.308067,0.3972,0.235133,0.2514,0.282867,0.232533,0.305333,0.285533,0.306,0.254333,0.244933,0.392733,0.2366,0.238867,0.243467,0.324533,0.2334,0.2326,0.305533,0.259733,0.363867,0.233733,0.297867,0.399,0.547133,0.304267,0.482733,0.357733,0.489667,0.525133,0.439333,0.388,0.309067,0.346667,0.229467,0.476933,0.429867,0.3256,0.531933,0.3236,0.392933,0.540067,0.4088,0.541533,0.367667,0.484133,0.3802,0.400733,0.305933,0.545867,0.306667,0.525267,0.533267,0.2312,0,0,0,0,0,0,0,0,0,0,0,0,0,0,0,0,0,0,0,0
,0.2704,0.308,0.2708,0.368,0.328533,0.2764,0.370333,0.373533,0.312333,0.333867,0.3098,0.3028,0.314333,0.272067,0.2684,0.370267,0.316867,0.375867,0.350867,0.2684,0.300133,0.269667,0.3032,0.265867,0.307333,0.293,0.368533,0.298333,0.2766,0.273667,0.350867,0.272267,0.362533,0.3408,0.378,0.2764,0.273867,0.3136,0.274,0.268267,0.273533,0.3316,0.279467,0.272933,0.373133,0.2782,0.316133,0.277467,0.376667,0.266533,0.2994,0.373333,0.302267,0.314267,0.292333,0.302067,0.295067,0.304467,0.3676,0.3102,0.272133,0.293667,0.297,0.335467,0.303733,0.344667,0.3044,0.302,0.303467,0.301933,0.314933,0.299733,0.307133,0.308133,0.3718,0.3042,0.374133,0.2992,0.302533,0.275133,0.299467,0,0,0,0,0,0,0,0,0,0,0,0,0,0,0,0,0,0,0
,0.3556,0.3216,0.355,0.3544,0.3822,0.3586,0.310267,0.3504,0.341067,0.2778,0.345467,0.352,0.329333,0.3558,0.352533,0.333733,0.2732,0.349533,0.2926,0.354533,0.312733,0.356,0.2614,0.351333,0.352733,0.297533,0.303,0.308267,0.358867,0.357267,0.377067,0.3578,0.295867,0.378467,0.3344,0.3502,0.3568,0.324733,0.359867,0.355467,0.356867,0.2756,0.36,0.356,0.321267,0.358,0.346533,0.363067,0.358133,0.268667,0.288,0.328267,0.271733,0.263867,0.284933,0.280067,0.269,0.262267,0.305933,0.3476,0.3582,0.267,0.263067,0.2766,0.287067,0.289267,0.2586,0.287,0.259533,0.2908,0.269733,0.276867,0.264667,0.261,0.316533,0.2944,0.3168,0.2926,0.290133,0.3604,0.282133,0.345533,0,0,0,0,0,0,0,0,0,0,0,0,0,0,0,0,0,0
0.216667,0.305333,0.206,0.289467,0.2496,0.212133,0.316867,0.299333,0.288733,0.373267,0.296267,0.265333,0.299733,0.205933,0.205333,0.300533,0.3908,0.298733,0.352067,0.207333,0.3098,0.213333,0.444333,0.207,0.277333,0.308133,0.332733,0.309067,0.214933,0.2186,0.264,0.206667,0.332467,0.2618,0.3222,0.220933,0.2164,0.310067,0.212933,0.2148,0.2172,0.373333,0.212133,0.208733,0.318133,0.2292,0.291867,0.209267,0.296467,0.294133,0.4224,0.310333,0.466733,0.405867,0.356867,0.449333,0.462667,0.4404,0.3284,0.286,0.2118,0.462533,0.462467,0.3726,0.4544,0.3656,0.4486,0.428067,0.447533,0.4036,0.419733,0.47,0.4318,0.445133,0.326067,0.423467,0.319867,0.387867,0.3952,0.2114,0.441467,0.295467,0.267667,0,0,0,0,0,0,0,0,0,0,0,0,0,0,0,0,0
0.201467,0.273133,0.201,0.293467,0.242667,0.205533,0.351867,0.3066,0.256867,0.4098,0.266667,0.245267,0.2698,0.2018,0.201267,0.3158,0.423067,0.3076,0.389,0.192867,0.271933,0.2042,0.448733,0.198867,0.252933,0.275467,0.372133,0.275933,0.209533,0.204733,0.268133,0.199467,0.367067,0.263133,0.342867,0.21,0.207267,0.273133,0.203667,0.199733,0.2086,0.404933,0.202533,0.202267,0.345267,0.212333,0.2666,0.202267,0.3052,0.253067,0.367333,0.33,0.422267,0.4326,0.307933,0.387933,0.440067,0.45,0.3622,0.257,0.2018,0.418333,0.441733,0.407067,0.388867,0.399,0.4446,0.370867,0.4412,0.346467,0.4424,0.4176,0.439133,0.445867,0.351,0.366467,0.352267,0.328133,0.333933,0.2052,0.383333,0.310333,0.261867,0.433267,0,0,0,0,0,0,0,0,0,0,0,0,0,0,0,0
0.242867,0.2922,0.237933,0.3762,0.304467,0.251867,0.397667,0.377667,0.288,0.373067,0.289,0.282467,0.2928,0.2424,0.241133,0.3874,0.355667,0.3762,0.387867,0.241667,0.290333,0.2446,0.330333,0.240267,0.289333,0.285067,0.391933,0.289467,0.249867,0.245533,0.332533,0.2404,0.390933,0.327933,0.3992,0.251,0.247333,0.2956,0.241733,0.2434,0.2464,0.363933,0.248467,0.248,0.3954,0.252733,0.295533,0.243867,0.378267,0.257667,0.307667,0.392467,0.320933,0.346933,0.290067,0.3104,0.3236,0.329333,0.388133,0.292733,0.240133,0.3172,0.322267,0.366933,0.3138,0.380267,0.331333,0.3072,0.327067,0.3048,0.344733,0.316533,0.338933,0.3286,0.4002,0.308467,0.400733,0.302467,0.303933,0.242133,0.312267,0.378467,0.3294,0.319467,0.3392,0,0,0,0,0,0,0,0,0,0,0,0,0,0,0
0.252733,0.421533,0.241467,0.308267,0.274733,0.244467,0.300267,0.306867,0.372533,0.319,0.391133,0.339133,0.405533,0.239933,0.243133,0.298467,0.325933,0.305133,0.310333,0.2364,0.4298,0.257133,0.386267,0.2392,0.359867,0.4372,0.305867,0.4256,0.242133,0.258467,0.2932,0.242733,0.307133,0.287267,0.305667,0.2676,0.250467,0.4224,0.240333,0.2442,0.259533,0.314133,0.237467,0.243867,0.304133,0.269,0.391267,0.238867,0.303333,0.431133,0.562,0.299733,0.473067,0.3376,0.531333,0.531067,0.4204,0.376933,0.303133,0.369933,0.242267,0.4734,0.408467,0.322333,0.534533,0.315267,0.383,0.5558,0.389133,0.570667,0.352267,0.474133,0.3636,0.3876,0.3066,0.561667,0.304333,0.560533,0.563067,0.237933,0.5458,0.3058,0.2898,0.4314,0.365333,0.306133,0,0,0,0,0,0,0,0,0,0,0,0,0,0
0.214733,0.306133,0.2066,0.291733,0.243933,0.208867,0.321067,0.295667,0.288067,0.368467,0.2942,0.266667,0.298133,0.206467,0.2104,0.301933,0.389467,0.293333,0.345733,0.208333,0.310133,0.213467,0.447333,0.205133,0.273933,0.310733,0.331733,0.309933,0.211067,0.218733,0.2702,0.208,0.3274,0.260133,0.321933,0.2242,0.217,0.3028,0.2086,0.209133,0.215933,0.371267,0.208267,0.208067,0.313133,0.228933,0.295333,0.206067,0.2924,0.296333,0.438,0.3058,0.469333,0.4006,0.3664,0.4596,0.466267,0.444133,0.326867,0.281467,0.207933,0.464,0.459467,0.375133,0.460467,0.360933,0.448333,0.4402,0.451467,0.414133,0.4192,0.4686,0.431267,0.452267,0.327267,0.4342,0.322333,0.392467,0.400933,0.207,0.454333,0.298867,0.264133,0.466933,0.429333,0.314867,0.441333,0,0,0,0,0,0,0,0,0,0,0,0,0
,0.2202,0.329133,0.2148,0.2954,0.2522,0.215933,0.3154,0.2952,0.2988,0.360533,0.308267,0.275,0.317,0.2154,0.2152,0.3056,0.380067,0.2982,0.340733,0.212133,0.3314,0.2214,0.4374,0.208333,0.29,0.329933,0.3262,0.329733,0.218267,0.221933,0.2732,0.215067,0.3212,0.2708,0.317867,0.226333,0.2218,0.327467,0.214133,0.2138,0.225333,0.361067,0.214333,0.215267,0.312667,0.233067,0.307667,0.2152,0.2966,0.315267,0.459467,0.3088,0.481,0.395067,0.386533,0.479333,0.465133,0.43,0.326333,0.297867,0.211867,0.478667,0.456733,0.355333,0.4784,0.349533,0.439133,0.464933,0.448,0.436133,0.412,0.481867,0.4182,0.443933,0.316067,0.459267,0.315333,0.418667,0.428467,0.212733,0.475533,0.301467,0.2718,0.461333,0.422067,0.317067,0.458333,0.470467,0,0,0,0,0,0,0,0,0,0,0,0
0.262533,0.4544,0.2492,0.306667,0.276333,0.2514,0.299933,0.3028,0.399733,0.3128,0.4164,0.360867,0.432733,0.248667,0.249133,0.303133,0.316333,0.308067,0.300267,0.2468,0.464867,0.264133,0.365333,0.2442,0.381867,0.475067,0.299467,0.467,0.249933,0.268333,0.300667,0.248467,0.3016,0.2926,0.3034,0.2718,0.2612,0.4514,0.2432,0.249667,0.2614,0.304933,0.246533,0.247933,0.3024,0.277333,0.411533,0.2448,0.307533,0.478733,0.565467,0.300533,0.4514,0.324133,0.580667,0.517533,0.4126,0.357267,0.298933,0.3934,0.248867,0.4498,0.3928,0.304533,0.525133,0.3066,0.364267,0.561733,0.373867,0.5966,0.3326,0.458867,0.349733,0.362733,0.3022,0.581133,0.2992,0.5984,0.605467,0.2446,0.542667,0.305333,0.293733,0.407067,0.346867,0.310267,0.571533,0.415933,0.443533,0,0,0,0,0,0,0,0,0,0,0
,0.2584,0.455333,0.249133,0.3074,0.281267,0.2458,0.296533,0.307,0.394733,0.305867,0.417133,0.357267,0.4316,0.2448,0.248,0.3024,0.316067,0.303733,0.300333,0.241733,0.462,0.261133,0.369867,0.243333,0.378133,0.474333,0.2966,0.4628,0.244333,0.2694,0.299667,0.249067,0.299,0.2886,0.3012,0.27,0.258133,0.453467,0.240133,0.2498,0.2592,0.3076,0.2424,0.242467,0.300533,0.275067,0.4168,0.244533,0.305533,0.4738,0.566467,0.303267,0.451333,0.323267,0.576933,0.519867,0.4122,0.362533,0.303,0.3888,0.240667,0.447933,0.395467,0.306267,0.522067,0.3084,0.366133,0.565,0.374,0.598533,0.338533,0.4644,0.3504,0.364533,0.301933,0.574133,0.3008,0.597733,0.6076,0.241933,0.542467,0.300267,0.293467,0.4094,0.352867,0.309667,0.572133,0.4122,0.446067,0.599733,0,0,0,0,0,0,0,0,0,0
0.240733,0.385267,0.232067,0.302333,0.2686,0.2326,0.305467,0.3024,0.343067,0.3314,0.355,0.320333,0.37,0.232933,0.2338,0.3008,0.3428,0.3044,0.318333,0.228667,0.386,0.2404,0.404667,0.2298,0.329533,0.391333,0.3106,0.385267,0.237067,0.249133,0.285667,0.230933,0.3078,0.279333,0.3068,0.251667,0.242933,0.384067,0.234267,0.236867,0.242667,0.3326,0.229533,0.232067,0.3026,0.255867,0.3622,0.2326,0.299333,0.383933,0.537267,0.307133,0.478333,0.356867,0.4754,0.5266,0.442933,0.397867,0.3128,0.342267,0.2296,0.4788,0.433733,0.3328,0.529733,0.325867,0.405333,0.539067,0.4132,0.530267,0.3768,0.492667,0.3856,0.4044,0.313267,0.536267,0.311067,0.511533,0.5174,0.227933,0.533533,0.3024,0.282533,0.447333,0.3862,0.315333,0.539267,0.458667,0.481867,0.532733,0.535333,0,0,0,0,0,0,0,0,0
,0.227,0.339933,0.220533,0.295867,0.254133,0.2212,0.3124,0.300333,0.314267,0.3502,0.321067,0.287467,0.330667,0.221067,0.218133,0.3056,0.374733,0.301267,0.331533,0.213933,0.344067,0.230067,0.432533,0.216067,0.3,0.345933,0.3176,0.342733,0.223133,0.233067,0.280067,0.2216,0.319867,0.2718,0.311133,0.2334,0.228133,0.342533,0.217333,0.223333,0.229267,0.3504,0.220733,0.2218,0.308333,0.243467,0.322733,0.2194,0.300467,0.3326,0.485133,0.309667,0.4838,0.3804,0.4108,0.491933,0.4596,0.4252,0.317267,0.310467,0.217467,0.479533,0.448267,0.350933,0.499,0.337667,0.4288,0.4814,0.431867,0.465733,0.401067,0.484667,0.411333,0.4332,0.318133,0.484333,0.311067,0.438733,0.45,0.219,0.496667,0.300333,0.2756,0.458667,0.4068,0.315467,0.485,0.469867,0.481,0.466467,0.464867,0.494867,0,0,0,0,0,0,0,0
0.507333,0.297533,0.517067,0.299067,0.408,0.5064,0.2354,0.2856,0.350533,0.207133,0.3374,0.404533,0.313467,0.518,0.520733,0.272667,0.2048,0.2798,0.219867,0.5248,0.282133,0.51,0.207733,0.5208,0.377,0.265,0.2234,0.2792,0.512933,0.512867,0.366533,0.516467,0.224467,0.367133,0.247667,0.497467,0.5142,0.293733,0.515733,0.5138,0.5082,0.205133,0.510533,0.5202,0.241467,0.491533,0.344867,0.528667,0.2914,0.238733,0.238267,0.257533,0.221467,0.204333,0.242333,0.23,0.2134,0.206333,0.233,0.354933,0.518733,0.218467,0.206533,0.207467,0.227867,0.212467,0.208067,0.234133,0.211867,0.2426,0.205533,0.2176,0.2052,0.201667,0.2406,0.240467,0.236333,0.240933,0.245533,0.5228,0.228067,0.280533,0.365,0.214,0.201467,0.250867,0.241,0.2114,0.219667,0.246333,0.240667,0.232267,0.223133,0,0,0,0,0,0,0
0.255667,0.436867,0.243,0.308133,0.273933,0.246067,0.2998,0.304667,0.385867,0.3114,0.397733,0.348267,0.417467,0.241933,0.247067,0.300733,0.3218,0.3056,0.3086,0.2422,0.446,0.2566,0.376267,0.242733,0.3674,0.453133,0.298333,0.443,0.242333,0.2642,0.297067,0.244733,0.2998,0.2908,0.305467,0.265533,0.256533,0.433267,0.241733,0.248733,0.2592,0.310333,0.2394,0.2454,0.303333,0.273867,0.3964,0.244533,0.303,0.447133,0.566267,0.302667,0.4548,0.335067,0.554533,0.524067,0.415867,0.368267,0.301933,0.3782,0.2398,0.4562,0.399133,0.316267,0.524933,0.311933,0.372733,0.560467,0.383133,0.5854,0.345267,0.465733,0.3576,0.378467,0.306,0.577467,0.297133,0.580467,0.585067,0.2404,0.538067,0.301667,0.290867,0.415067,0.355933,0.306667,0.567667,0.426533,0.448333,0.592467,0.589667,0.536333,0.4782,0.236733,0,0,0,0,0,0
0.255067,0.439733,0.2502,0.308267,0.275733,0.243467,0.298533,0.305867,0.385933,0.313733,0.405,0.3498,0.417867,0.247133,0.245333,0.2994,0.319733,0.303933,0.3028,0.2378,0.448667,0.260933,0.376,0.241467,0.369133,0.459667,0.302067,0.448867,0.243,0.264933,0.296067,0.245,0.3016,0.2912,0.3014,0.271467,0.2572,0.440467,0.2464,0.248933,0.2634,0.312,0.2414,0.2446,0.298733,0.273267,0.400333,0.242133,0.303733,0.458733,0.559933,0.301933,0.462,0.331667,0.559333,0.525867,0.413933,0.366267,0.3026,0.383933,0.2442,0.453333,0.3978,0.308133,0.524333,0.31,0.372467,0.5608,0.377133,0.589533,0.3422,0.464933,0.3576,0.3728,0.306867,0.575333,0.3008,0.5876,0.590933,0.2414,0.547267,0.300133,0.2896,0.416733,0.352533,0.311867,0.571733,0.421067,0.450467,0.59,0.5858,0.536933,0.476333,0.242467,0.582533,0,0,0,0,0
0.268133,0.508267,0.2548,0.305333,0.284133,0.2516,0.290267,0.300933,0.429933,0.289,0.456,0.383933,0.477933,0.253333,0.254133,0.2996,0.294133,0.302933,0.285933,0.249533,0.5274,0.2704,0.337,0.249933,0.4114,0.5416,0.282533,0.525933,0.250933,0.277733,0.2978,0.2534,0.2916,0.2948,0.293467,0.2824,0.267933,0.504267,0.250067,0.258467,0.270867,0.290067,0.250267,0.251533,0.294333,0.288333,0.448333,0.252333,0.302133,0.564667,0.536867,0.292467,0.4118,0.297333,0.6516,0.483933,0.375467,0.326333,0.29,0.4236,0.252067,0.409067,0.358733,0.287533,0.483333,0.286933,0.3344,0.531067,0.339,0.594333,0.313133,0.417733,0.317733,0.329667,0.290733,0.553067,0.2852,0.632267,0.622667,0.245133,0.5046,0.295267,0.287933,0.373733,0.320133,0.298067,0.544667,0.3756,0.402067,0.5966,0.588667,0.4928,0.420467,0.242467,0.568333,0.568867,0,0,0,0
0.213467,0.303933,0.205533,0.284067,0.248467,0.212267,0.3242,0.2974,0.281867,0.370867,0.292933,0.2658,0.297067,0.207333,0.209733,0.302933,0.3936,0.2964,0.3564,0.208533,0.306133,0.2162,0.452267,0.206,0.2782,0.305333,0.336467,0.309067,0.213,0.219067,0.269067,0.209867,0.335,0.2662,0.319267,0.220267,0.214333,0.303867,0.210533,0.204,0.218467,0.3774,0.206667,0.2114,0.3188,0.2284,0.289467,0.2112,0.292667,0.289467,0.428867,0.315133,0.4642,0.406933,0.359,0.4466,0.462933,0.442933,0.3332,0.2854,0.210267,0.467467,0.462933,0.3774,0.4472,0.367867,0.4432,0.430667,0.447867,0.4076,0.421467,0.469,0.4386,0.453267,0.3274,0.424933,0.327333,0.390067,0.398533,0.2104,0.438,0.300267,0.268867,0.465467,0.431533,0.3216,0.426533,0.4614,0.4662,0.407,0.409933,0.4486,0.463333,0.214533,0.4186,0.4186,0.3696,0,0,0
0.259333,0.464867,0.254533,0.306467,0.281133,0.2512,0.296067,0.311533,0.405733,0.306733,0.425133,0.364067,0.441533,0.252533,0.2544,0.302267,0.3106,0.306,0.299667,0.247,0.476933,0.263,0.359533,0.245333,0.385667,0.490133,0.294667,0.475667,0.248667,0.274,0.305,0.248333,0.297067,0.292467,0.2992,0.274133,0.265467,0.463733,0.246467,0.255267,0.266067,0.306,0.245333,0.250133,0.296533,0.283067,0.422867,0.248,0.303867,0.495067,0.5602,0.3004,0.439267,0.3216,0.592667,0.509533,0.399067,0.349867,0.2952,0.4018,0.248533,0.439067,0.386,0.300333,0.505067,0.303733,0.359133,0.5496,0.3656,0.598333,0.329867,0.446267,0.343467,0.362867,0.299733,0.573333,0.2928,0.613933,0.614,0.243667,0.533667,0.3004,0.2936,0.3976,0.339467,0.306667,0.563333,0.4036,0.4362,0.603533,0.597667,0.520867,0.454933,0.245333,0.584133,0.587733,0.611667,0.399733,0,0
0.209467,0.293067,0.2078,0.2954,0.2446,0.213267,0.334733,0.298467,0.2746,0.392533,0.280533,0.2576,0.2832,0.206533,0.2054,0.309,0.4082,0.3092,0.3708,0.208267,0.2924,0.2146,0.458533,0.2066,0.266333,0.290933,0.3514,0.296267,0.209467,0.213933,0.268667,0.209267,0.3522,0.267533,0.329533,0.2168,0.217267,0.2882,0.202933,0.210667,0.218267,0.394867,0.206933,0.210333,0.328733,0.2238,0.277867,0.204533,0.300267,0.2728,0.3972,0.3232,0.4482,0.4212,0.329933,0.418,0.456333,0.452733,0.3456,0.272333,0.202867,0.442267,0.455667,0.392733,0.4212,0.378333,0.453067,0.400067,0.454467,0.3798,0.433333,0.445933,0.443733,0.454733,0.336333,0.397733,0.337,0.3612,0.365,0.207933,0.413333,0.3018,0.2642,0.451333,0.439467,0.329933,0.3986,0.455933,0.445267,0.380467,0.3806,0.417067,0.435067,0.213467,0.385267,0.384933,0.3448,0.450067,0.369267,0

